time,ground_truth,noisy_signal
0.0,0.0,4.551072748923727
0.01001001001001001,0.6289308919370529,0.9777986402215948
0.02002002002002002,1.2577622694687924,1.3063243729111027
0.03003003003003003,1.886394633935859,-5.558743553593207
0.04004004004004004,2.514728518168309,2.9191128983740624
0.050050050050050046,3.142664502224097,6.355009594785628
0.06006006006006006,3.7701032291200796,6.81768807558875
0.07007007007007007,4.396945420553063,-6.123834476824616
0.08008008008008008,5.023091892608397,1.928179776691275
0.09009009009009009,5.648443571453641,9.688751635717468
0.10010010010010009,6.272901509014801,18.867256465525664
0.11011011011011011,6.896366898632679,17.561602228179016
0.12012012012012012,7.518741090696834,23.570323342223467
0.13013013013013014,8.139925608254718,5.182404137217114
0.14014014014014015,8.75982216259345,5.251362826365376
0.15015015015015015,9.378332668791858,10.121077029633778
0.16016016016016016,9.995359261240228,14.9815266660868
0.17017017017017017,10.610804309125395,14.06036575413858
0.18018018018018017,11.224570431878629,12.414732735609416
0.19019019019019018,11.836560514583987,10.996862781200267
0.20020020020020018,12.44667772334458,17.48249093059269
0.21021021021021022,13.054825520604412,18.522022834547727
0.22022022022022023,13.660907680423293,6.008203201551236
0.23023023023023023,14.264828303702487,16.985298885872503
0.24024024024024024,14.866491833358614,19.85618898984483
0.2502502502502503,15.465803069443446,17.015899582474876
0.2602602602602603,16.062667184207186,18.5942296941162
0.2702702702702703,16.65698973710288,18.354524460279446
0.2802802802802803,17.248676689729525,15.517917723623778
0.2902902902902903,17.837634420711588,22.708225523990137
0.3003003003003003,18.423769740512494,24.53025856653725
0.3103103103103103,19.006989906179832,14.780871204649747
0.3203203203203203,19.587202636019864,21.82369437742549
0.3303303303303303,20.164316124199065,11.495950377656303
0.34034034034034033,20.73823905527035,17.08165788291977
0.35035035035035034,21.308880618621764,17.830326382268815
0.36036036036036034,21.876150522845215,22.63677084541061
0.37037037037037035,22.439959010023106,11.55245668768584
0.38038038038038036,23.000216869930547,29.20353642266511
0.39039039039039036,23.55683545415089,26.726277326636556
0.40040040040040037,24.109726690102384,29.21300719409365
0.41041041041041043,24.65880309497372,35.566206394861304
0.42042042042042044,25.203977789566235,27.186731494130957
0.43043043043043044,25.74516451204063,31.149914259051435
0.44044044044044045,26.282277631566036,21.27651216818058
0.45045045045045046,26.815232161869123,26.913622369126614
0.46046046046046046,27.343943774681367,29.97918023372823
0.47047047047047047,27.868328813082112,27.767381188607807
0.4804804804804805,28.38830430473539,28.909976968196915
0.4904904904904905,28.903787975018535,30.550585212937317
0.5005005005005005,29.414698260040257,31.75696012290516
0.5105105105105106,29.920954319546343,35.91992168313418
0.5205205205205206,30.422476049710856,34.29245010275951
0.5305305305305306,30.91918409581077,25.667367879539153
0.5405405405405406,31.41099986478212,30.985178322233697
0.5505505505505506,31.897845537655595,34.93005837903682
0.5605605605605606,32.3796440818697,33.704790661209906
0.5705705705705706,32.856319263459426,28.728364077782263
0.5805805805805806,33.3277956591186,30.72011333732772
0.5905905905905906,33.79399866813395,33.975922824665496
0.6006006006006006,34.25485452418904,30.038121535454195
0.6106106106106106,34.71029030703613,28.13609550293208
0.6206206206206206,35.16023395403419,33.55151824245944
0.6306306306306306,35.60461427155127,34.6324058813213
0.6406406406406406,36.04336094622925,28.75281946310047
0.6506506506506506,36.47640455610942,42.019292111450284
0.6606606606606606,36.90367658161695,31.135327208261792
0.6706706706706707,37.3251094164026,38.83941315050253
0.6806806806806807,37.740636378039945,30.993000944509152
0.6906906906906907,38.15019171857636,41.5146007268876
0.7007007007007007,38.55371063493623,40.12326310141743
0.7107107107107107,38.95112927917456,40.544710854010596
0.7207207207207207,39.3423847685795,49.18834034816386
0.7307307307307307,39.727415195622186,32.57398055715796
0.7407407407407407,40.106159637752185,32.54145875253063
0.7507507507507507,40.4785581670372,33.87026346547324
0.7607607607607607,40.844551859645264,31.959917178243394
0.7707707707707707,41.20408280516822,40.87907395082973
0.7807807807807807,41.55709411578468,48.11798974864786
0.7907907907907907,41.90352993526132,51.7557261301733
0.8008008008008007,42.243335447790884,35.790674532501
0.8108108108108109,42.57645688666557,44.091410089770044
0.8208208208208209,42.90284154278437,43.018876237235474
0.8308308308308309,43.222437772993246,47.78720116220562
0.8408408408408409,43.53519500825638,48.49839843982395
0.8508508508508509,43.84106376165768,39.7589906170644
0.8608608608608609,44.13999563623098,39.500957318001056
0.8708708708708709,44.4319433326178,45.909929930095316
0.8808808808808809,44.71686065655136,48.46337405950712
0.8908908908908909,44.99470252616591,38.749070691397186
0.9009009009009009,45.26542497912984,37.92083683071738
0.9109109109109109,45.528985179601776,40.181055151403214
0.9209209209209209,45.78534142500846,49.81584820732108
0.9309309309309309,46.03445315264315,36.324712968032244
0.9409409409409409,46.2762809460839,46.22962772770673
0.950950950950951,46.51078654143021,38.16039231467904
0.960960960960961,46.73793283335755,46.85333051256001
0.970970970970971,46.95768388098839,44.30550738741502
0.980980980980981,47.170004913579064,41.92058112414715
0.990990990990991,47.374862336021486,57.132869100118135
1.001001001001001,47.57222373415884,45.89916684421131
1.011011011011011,47.762057879914344,49.64527331565097
1.021021021021021,47.94433473623249,41.195152115979056
1.031031031031031,48.119025461831676,52.90008548773071
1.0410410410410411,48.28610241576773,42.57346235932003
1.0510510510510511,48.44553916180748,49.92180000662003
1.0610610610610611,48.59731047261168,49.10732014155515
1.0710710710710711,48.74139233372671,51.62358032311843
1.0810810810810811,48.877761947384315,52.296234338721604
1.0910910910910911,49.00639773610883,53.04078991004202
1.1011011011011012,49.12727934613139,48.419784559321805
1.1111111111111112,49.2403876506104,47.55778774170412
1.1211211211211212,49.345704752658,43.98860608011609
1.1311311311311312,49.443213988171784,56.13674904652597
1.1411411411411412,49.532899928471586,52.60736206249846
1.1511511511511512,49.614748382740686,58.833543080731104
1.1611611611611612,49.688746400271214,48.58648593922007
1.1711711711711712,49.7548822725133,43.044295868079644
1.1811811811811812,49.81314553492771,53.23284143353641
1.1911911911911912,49.86352696864164,38.72134755795078
1.2012012012012012,49.90601860190731,48.6700613601365
1.2112112112112112,49.940613711363454,56.37930627408225
1.2212212212212212,49.967306823099044,53.70118786519101
1.2312312312312312,49.98609371351944,40.8901999171642
1.2412412412412412,49.99697141001469,49.17173903632718
1.2512512512512513,49.99993819142987,45.557245963940325
1.2612612612612613,49.994993588337444,47.39398443988248
1.2712712712712713,49.9821383831115,46.16631674533575
1.2812812812812813,49.96137460980397,54.7346874514851
1.2912912912912913,49.93270555382282,46.78706251647788
1.3013013013013013,49.89613575141216,39.49995642198503
1.3113113113113113,49.85167098893451,47.642634235715775
1.3213213213213213,49.79931830195522,61.24192560832351
1.3313313313313313,49.73908597412927,52.485029093293846
1.3413413413413413,49.670983535890535,36.24384480190024
1.3513513513513513,49.595021762943844,48.885895154065466
1.3613613613613613,49.51121267455992,46.272885727070694
1.3713713713713713,49.41956953167364,49.69219321418918
1.3813813813813813,49.32010683478573,38.842440838957764
1.3913913913913913,49.21284032166843,53.72014226895742
1.4014014014014013,49.09778696487533,47.72457935901217
1.4114114114114114,48.974964969055826,52.5418738394101
1.4214214214214214,48.84439376807463,51.07905301742446
1.4314314314314314,48.70609402193681,46.976803868548714
1.4414414414414414,48.56008761351882,47.43988304469591
1.4514514514514514,48.40639764510594,55.18480735944688
1.4614614614614614,48.24504843473695,48.06399160800738
1.4714714714714714,48.07606551235627,51.742357692915995
1.4814814814814814,47.89947561577444,34.56969810167131
1.4914914914914914,47.715306686437444,52.02476999789453
1.5015015015015014,47.52358786500558,45.05209544955258
1.5115115115115114,47.324349486742626,51.351337841731464
1.5215215215215214,47.11762307671593,41.1153544515085
1.5315315315315314,46.90344134480829,33.23302709045851
1.5415415415415414,46.681838180542314,43.78585803983361
1.5515515515515514,46.45284864771814,49.32091730440251
1.5615615615615615,46.21650897886542,50.333138967141146
1.5715715715715715,45.97285656951027,44.25223576903639
1.5815815815815815,45.72192997225829,54.42390917324883
1.5915915915915915,45.463768890694425,35.21990910677553
1.6016016016016015,45.19841417310081,45.32307792535085
1.6116116116116117,44.92590780599336,36.40325550783332
1.6216216216216217,44.646292907478426,52.64780415758001
1.6316316316316317,44.359613720430204,47.43873637079247
1.6416416416416417,44.06591560549035,42.08851197098223
1.6516516516516517,43.76524503389065,43.09379875574897
1.6616616616616617,43.45764958009995,46.841066802918384
1.6716716716716717,43.14317791429655,37.14319654437347
1.6816816816816818,42.82187979466729,44.3102994288833
1.6916916916916918,42.49380605953432,40.261233114394955
1.7017017017017018,42.15900861931112,32.51498321954636
1.7117117117117118,41.81754044828881,38.78088167187731
1.7217217217217218,41.46945557625414,39.65507529119652
1.7317317317317318,41.114809079940464,34.70476632433271
1.7417417417417418,40.75365707431311,45.67965929783476
1.7517517517517518,40.386056703690336,42.481050024284976
1.7617617617617618,40.0120661327016,39.09748040107139
1.7717717717717718,39.63174453708424,35.13836159610594
1.7817817817817818,39.24515209432023,45.308598625917604
1.7917917917917918,38.85234997411443,37.81833007768674
1.8018018018018018,38.45340032871583,42.022377369577846
1.8118118118118118,38.048366283083375,37.14000349935662
1.8218218218218218,37.63731192489774,35.345890982218954
1.8318318318318318,37.22030229442095,42.33943358662669
1.8418418418418419,36.797403374205174,34.82730674312463
1.8518518518518519,36.36868207865244,37.65917438932333
1.8618618618618619,35.93420624342693,27.687031268561434
1.8718718718718719,35.494044614721425,43.10735049444712
1.8818818818818819,35.048266838379874,29.970506371562163
1.8918918918918919,34.59694344887731,24.301320037453223
1.901901901901902,34.14014585815946,30.292314744650948
1.911911911911912,33.677946344343304,32.62752082395504
1.921921921921922,33.21041804028071,29.626264815686337
1.931931931931932,32.73763492198676,42.13223841710714
1.941941941941942,32.25967179693467,16.958166239412858
1.951951951951952,31.776604292219208,33.186274355575684
1.961961961961962,31.288508842590296,30.153861177841787
1.971971971971972,30.795462678358987,24.930056496159757
1.981981981981982,30.29754381317742,31.939506275426186
1.991991991991992,29.794831031694898,26.218480097056105
2.002002002002002,29.28740387709197,33.48367537031216
2.012012012012012,28.7753426384945,25.68367063691214
2.022022022022022,28.258728338269645,30.160168032557387
2.032032032032032,27.737642719205844,25.54368566883108
2.042042042042042,27.212168231578943,23.758668750843032
2.052052052052052,26.682388020106107,28.47263405044611
2.062062062062062,26.148385910790118,23.736140176119083
2.0720720720720722,25.610246397655718,18.75472804046934
2.0820820820820822,25.0680546293803,25.214381960372755
2.0920920920920922,24.52189639582103,15.640691128160404
2.1021021021021022,23.97185811444048,24.134311878823535
2.1121121121121122,23.41802681663302,32.23554013010621
2.1221221221221223,22.860490133953952,33.75641202564529
2.1321321321321323,22.299336284253798,20.947288412806806
2.1421421421421423,21.734654057719784,15.548521318400272
2.1521521521521523,21.166532802826726,24.56645103323267
2.1621621621621623,20.59506241219962,23.701405853414816
2.1721721721721723,20.020333308390185,12.330143196338323
2.1821821821821823,19.44243642956937,18.580072105880262
2.1921921921921923,18.861463215138492,20.056092551154777
2.2022022022022023,18.27750559126095,24.479778362149577
2.2122122122122123,17.690655956316938,19.487960692316225
2.2222222222222223,17.101007166283445,22.50265304976089
2.2322322322322323,16.508652520041828,19.622646865104237
2.2422422422422423,15.913685744615421,12.587834668578829
2.2522522522522523,15.316200980339168,17.623952457207185
2.2622622622622623,14.71629276596409,14.439095030426238
2.2722722722722724,14.114056023698588,13.229357313857854
2.2822822822822824,13.509586044189112,14.713057664137557
2.2922922922922924,12.902978471442522,9.469622243297493
2.3023023023023024,12.294329287692506,5.52609121531575
2.3123123123123124,11.683734798212617,8.868831369313801
2.3223223223223224,11.071291616077955,8.28790694223346
2.3323323323323324,10.457096646878371,3.2079021032825077
2.3423423423423424,9.841247073385277,5.28728275174626
2.3523523523523524,9.223840340174627,9.791929959364616
2.3623623623623624,8.604974138208464,11.90317273758323
2.3723723723723724,7.984746389377466,-0.12734688917719073
2.3823823823823824,7.363255231007056,15.13491883023477
2.3923923923923924,6.740599000329213,-0.7741836885494093
2.4024024024024024,6.116876218922865,2.6969702521531964
2.4124124124124124,5.492185577125009,11.82424240650619
2.4224224224224224,4.866625918415143,5.180455572197421
2.4324324324324325,4.240296223775452,3.5605172759509585
2.4424424424424425,3.613295596029347,-3.2156629482338617
2.4524524524524525,2.9857232441604946,2.531663559223112
2.4624624624624625,2.3576784676152873,0.49412857156025525
2.4724724724724725,1.7292606405908733,-2.867265749914639
2.4824824824824825,1.1005691963113893,-2.4920294158462726
2.4924924924924925,0.4717036112948523,-5.778903742851041
2.5025025025025025,-0.15723661038682213,-6.083869980313719
2.5125125125125125,-0.7861519528520504,0.7012961705622616
2.5225225225225225,-1.4149429041559016,2.5274649047439763
2.5325325325325325,-2.0435099720355723,3.566373360839716
2.5425425425425425,-2.6717536996528612,-8.325792607284523
2.5525525525525525,-3.2995746813310114,-0.48675530084298124
2.5625625625625625,-3.926873578283464,-2.93265836956929
2.5725725725725725,-4.553551134332043,-5.259585003633611
2.5825825825825826,-5.179508191611964,-5.408187048095522
2.5925925925925926,-5.804645706261506,-12.541751492738243
2.6026026026026026,-6.428864764093424,-7.720432016629226
2.6126126126126126,-7.052066596245954,-8.499517429582532
2.6226226226226226,-7.674152594810797,-7.95101882616525
2.6326326326326326,-8.295024328435648,-19.385146118628374
2.6426426426426426,-8.914583557898796,-17.502654235118968
2.6526526526526526,-9.532732251653222,-12.605633167052673
2.6626626626626626,-10.149372601338058,-14.930490787802562
2.6726726726726726,-10.764407037254504,-16.611368251365732
2.6826826826826826,-11.377738243804105,-4.467803323179599
2.6926926926926926,-11.98926917488678,-8.033602756644624
2.7027027027027026,-12.598903069256236,-11.484009107826225
2.7127127127127126,-13.206543465830311,-11.693289805029988
2.7227227227227226,-13.812094218953714,-12.228999370021558
2.7327327327327327,-14.415459513611081,-20.733809503591782
2.7427427427427427,-15.01654388058751,-19.762049880788485
2.7527527527527527,-15.615252211574457,-13.799759551846078
2.7627627627627627,-16.211489774218528,-15.059004952042686
2.7727727727727727,-16.805162227110802,-20.004781525196005
2.7827827827827827,-17.39617563471419,-24.13367175212946
2.7927927927927927,-17.984436482226776,-21.247918564037683
2.8028028028028027,-18.569851690378396,-16.809565188620105
2.8128128128128127,-19.15232863015837,-17.16591701521016
2.8228228228228227,-19.731775137472024,-10.488087726924608
2.8328328328328327,-20.3080995277236,-20.259121330276255
2.8428428428428427,-20.881210610323343,-26.25518481038885
2.8528528528528527,-21.451017703116314,-30.197440247542946
2.8628628628628627,-22.017430646730958,-24.47547344950627
2.8728728728728727,-22.580359818844737,-21.854899107527437
2.8828828828828827,-23.139716148364933,-19.59175196919679
2.8928928928928928,-23.695411129522135,-28.100087949959068
2.9029029029029028,-24.247356835874363,-16.176915595979512
2.9129129129129128,-24.795465934219468,-24.40101859340706
2.9229229229229228,-25.33965169841362,-21.609377283659807
2.932932932932933,-25.87982802309391,-30.802984986814305
2.942942942942943,-26.415909437302552,-27.312726312727097
2.952952952952953,-26.9478111180108,-21.46187063964472
2.962962962962963,-27.47544890354028,-32.75042195890523
2.972972972972973,-27.998739306879745,-28.568247286451385
2.982982982982983,-28.51759952889506,-18.665945942623246
2.992992992992993,-29.031947471430264,-36.85377847386391
3.003003003003003,-29.54170175029789,-29.00279187586729
3.013013013013013,-30.04678170815613,-26.22909501540781
3.023023023023023,-30.547107427271126,-24.459660916439663
3.033033033033033,-31.042599742162157,-25.06164999488651
3.043043043043043,-31.533180252127853,-32.08630223872842
3.053053053053053,-32.018771333651294,-31.853417442169114
3.063063063063063,-32.49929615268232,-29.194470400133056
3.073073073073073,-32.97467867679478,-38.417763471806225
3.083083083083083,-33.44484368721696,-27.670453354674876
3.093093093093093,-33.9097167907333,-40.86644251404191
3.103103103103103,-34.36922443145549,-41.850674550966154
3.113113113113113,-34.823293902461074,-37.06529569175044
3.123123123123123,-35.271853357297644,-29.63183934244364
3.133133133133133,-35.714831821351034,-37.253861664577556
3.143143143143143,-36.15215920307545,-30.46204683965385
3.153153153153153,-36.5837663050839,-26.85887280859324
3.163163163163163,-37.00958483509716,-35.97212722303383
3.173173173173173,-37.42954741674951,-32.077252200343686
3.183183183183183,-37.84358760024958,-47.9112260178428
3.193193193193193,-38.251639872894486,-39.802305268469276
3.203203203203203,-38.653639669435876,-36.8265709833216
3.2132132132132134,-39.04952338229589,-41.93125519491462
3.2232232232232234,-39.43922837163158,-41.57044537260938
3.2332332332332334,-39.82269297524646,-41.421118843223894
3.2432432432432434,-40.19985651834703,-36.99423404198383
3.2532532532532534,-40.570659323143296,-38.785323086599625
3.2632632632632634,-40.935042718291406,-40.16648109616906
3.2732732732732734,-41.29294904817716,-40.810892969059886
3.2832832832832834,-41.64432168203867,-41.235404893418234
3.2932932932932935,-41.98910502292698,-45.41279461361572
3.3033033033033035,-42.32724451650302,-44.42061897752428
3.3133133133133135,-42.658686659669634,-45.323095490552234
3.3233233233233235,-42.98337900903725,-46.71747833756962
3.3333333333333335,-43.30127018922194,-47.006782707158884
3.3433433433433435,-43.612309900974324,-33.81273750971034
3.3533533533533535,-43.91644892913844,-50.547032362839694
3.3633633633633635,-44.213639150438894,-53.64920737179849
3.3733733733733735,-44.5038335410953,-38.062639289620485
3.3833833833833835,-44.78698618426277,-56.74306905744784
3.3933933933933935,-45.06305227729724,-45.205120935403784
3.4034034034034035,-45.331988138844466,-49.49408660746835
3.4134134134134135,-45.59375121575168,-49.31486701782722
3.4234234234234235,-45.84830008980067,-41.70205064211814
3.4334334334334335,-46.09559448426125,-54.91240179422534
3.4434434434434436,-46.33559527026424,-47.530165357816614
3.4534534534534536,-46.5682644729927,-39.91376380934574
3.4634634634634636,-46.793565277690604,-44.088171067265584
3.4734734734734736,-47.01146203548795,-44.0522518028985
3.4834834834834836,-47.22192026904145,-43.899830960933755
3.4934934934934936,-47.42490667798977,-54.274299947901234
3.5035035035035036,-47.62038914422257,-53.77800888497365
3.5135135135135136,-47.808336736962545,-56.79798425483544
3.5235235235235236,-47.98871971765945,-48.86956858423093
3.5335335335335336,-48.16150954469563,-51.829458914266034
3.5435435435435436,-48.32667887790206,-44.17151089829193
3.5535535535535536,-48.48420158288438,-58.64953063573215
3.5635635635635636,-48.634052735158,-57.721753553031334
3.5735735735735736,-48.776208624091936,-41.53130472980705
3.5835835835835836,-48.91064675666041,-55.57596743636102
3.5935935935935936,-49.037345861001974,-41.91532399523944
3.6036036036036037,-49.15628588978521,-51.044635187354835
3.6136136136136137,-49.26744802338083,-50.309432181160254
3.6236236236236237,-49.370814672839444,-51.15045844827293
3.6336336336336337,-49.46636948267468,-43.46942488786225
3.6436436436436437,-49.55409733345098,-54.1353413058088
3.6536536536536537,-49.633984344176014,-51.00268299644919
3.6636636636636637,-49.70601787449696,-51.41431119957072
3.6736736736736737,-49.77018652670063,-54.64744379211062
3.6836836836836837,-49.82648014751683,-52.03957122763704
3.6936936936936937,-49.874889829724985,-53.00975812993543
3.7037037037037037,-49.915407913563406,-50.520186948289
3.7137137137137137,-49.948027987941366,-44.82793370292121
3.7237237237237237,-49.972744891453466,-42.68755768237914
3.7337337337337337,-49.98955471319631,-51.98539252595756
3.7437437437437437,-49.998454793387346,-47.84537398494065
3.7537537537537538,-49.9994437237857,-53.01148163628885
3.7637637637637638,-49.99252134791502,-50.08353424204492
3.7737737737737738,-49.977688761088196,-44.88199592976564
3.7837837837837838,-49.95494831023407,-47.96829197497438
3.793793793793794,-49.92430359352612,-48.40358326116883
3.803803803803804,-49.88575945981307,-56.50227815265213
3.813813813813814,-49.83932200785171,-52.91452803470554
3.823823823823824,-49.78499858534189,-41.38769707714678
3.833833833833834,-49.72279778776388,-44.260058217115656
3.843843843843844,-49.65272945701839,-58.56494733498716
3.853853853853854,-49.574804679869246,-52.27547284906754
3.863863863863864,-49.48903578618918,-51.75729329702123
3.873873873873874,-49.3954363470089,-51.561060724422234
3.883883883883884,-49.29402117236979,-44.12038164647176
3.893893893893894,-49.184806308980505,-53.05680760136051
3.903903903903904,-49.067809037677975,-49.691441260522936
3.913913913913914,-48.94304787069307,-41.549755644606364
3.923923923923924,-48.81054254872148,-50.45821991993631
3.933933933933934,-48.67031403780014,-45.98917351141404
3.943943943943944,-48.52238452598986,-56.631102691010334
3.953953953953954,-48.36677741986451,-37.71766781639097
3.963963963963964,-48.20351734080754,-53.56596096695821
3.973973973973974,-48.03263012111606,-47.492949840857534
3.983983983983984,-47.854142799913554,-48.52554773253505
3.993993993993994,-47.66808361887148,-49.35357391400083
4.004004004004004,-47.47448201774066,-50.448824778347976
4.014014014014014,-47.27336862969317,-48.025035427845076
4.024024024024024,-47.06477527647516,-49.19880127161663
4.034034034034034,-46.84873496337191,-45.30611815902714
4.044044044044044,-46.62528187398537,-47.42357170369766
4.054054054054054,-46.39445136482546,-34.35182603317121
4.064064064064064,-46.156279959715604,-42.46634052520702
4.074074074074074,-45.91080534401369,-50.2151517194186
4.084084084084084,-45.65806635864916,-42.22251948974264
4.094094094094094,-45.398102993977304,-39.31820105348638
4.104104104104104,-45.13095638345169,-41.800443111398664
4.114114114114114,-44.8566687971157,-42.76554235639922
4.124124124124124,-44.57528363491419,-40.34292742461809
4.134134134134134,-44.28684541982646,-44.40605961048254
4.1441441441441444,-43.99139979082147,-36.75527947722561
4.1541541541541545,-43.68899349563643,-43.598516362476104
4.1641641641641645,-43.37967438338007,-39.29766320063622
4.1741741741741745,-43.063491396961545,-39.240645914576085
4.1841841841841845,-42.7404945653463,-45.68141430827644
4.1941941941941945,-42.4107349956401,-39.445451045164305
4.2042042042042045,-42.0742648650025,-39.20766547550371
4.2142142142142145,-41.73113741239086,-43.898422170748326
4.2242242242242245,-41.38140693013655,-45.903987255689245
4.2342342342342345,-41.025128755354366,-32.060813344078866
4.2442442442442445,-40.662359261186644,-40.3886242696828
4.2542542542542545,-40.29315584788345,-45.289679184324754
4.2642642642642645,-39.9175769337203,-37.92902786509019
4.2742742742742745,-39.53568194575469,-40.738283100122985
4.2842842842842845,-39.147531310423155,-44.58300946240155
4.2942942942942945,-38.753186443980084,-36.44220323572667
4.3043043043043046,-38.35270974277994,-40.001698249871986
4.314314314314315,-37.94616457340446,-29.22517136135643
4.324324324324325,-37.5336152626362,-26.30369224696969
4.334334334334335,-37.11512708728045,-36.36111346986847
4.344344344344345,-36.69076626383637,-34.26865051400666
4.354354354354355,-36.26059993801986,-41.36459256092469
4.364364364364365,-35.824696174139156,-35.88388783738719
4.374374374374375,-35.38312394432521,-30.34370550257743
4.384384384384385,-34.93595311761837,-41.79447129841161
4.394394394394395,-34.483254448913094,-40.84216728545679
4.404404404404405,-34.025099567762624,-34.71199346107761
4.414414414414415,-33.56156096704514,-35.500063451137514
4.424424424424425,-33.09271199149341,-36.66553472247955
4.434434434434435,-32.61862682608956,-27.092537882798496
4.444444444444445,-32.13938048432698,-22.967673305624377
4.454454454454455,-31.655048796341077,-25.07320101238384
4.464464464464465,-31.16570839691082,-28.403951555254572
4.474474474474475,-30.67143671333308,-30.876634130427917
4.484484484484485,-30.1723119531713,-30.19793285200676
4.494494494494495,-29.668413091881007,-23.877604814840932
4.504504504504505,-29.15981986031366,-21.981473791124472
4.514514514514515,-28.646612732100994,-26.435082016589895
4.524524524524525,-28.128872910921853,-27.968317328684208
4.534534534534535,-27.606682317653515,-35.79299762889087
4.544544544544545,-27.08012357740951,-22.540122138388888
4.554554554554555,-26.549280006466024,-22.041388358916606
4.564564564564565,-26.01423559907896,-12.722564002980004
4.574574574574575,-25.47507501419367,-19.12004146602876
4.584584584584585,-24.93188356204959,-19.0650534277529
4.594594594594595,-24.38474719068171,-22.19226164285695
4.604604604604605,-23.833752472321358,-29.26069295822001
4.614614614614615,-23.278986589697844,-19.813118645886377
4.624624624624625,-22.720537322243864,-24.710613895566063
4.634634634634635,-22.1584930322063,-16.398817736324798
4.644644644644645,-21.592942650664867,-20.8845403177434
4.654654654654655,-21.023975663460718,-19.56791326281697
4.664664664664665,-20.4516820970373,-27.580881550985712
4.674674674674675,-19.87615250419566,-17.469970025700754
4.684684684684685,-19.29747794976645,-17.68525896558844
4.694694694694695,-18.71574999620096,-7.298197282736421
4.704704704704705,-18.131060689083363,-9.734549350597955
4.714714714714715,-17.543502542566547,-11.704661253400708
4.724724724724725,-16.953168524733787,-13.444024750831385
4.734734734734735,-16.36015204288857,-16.0160858460967
4.744744744744745,-15.764546928775111,-12.86899865207851
4.754754754754755,-15.166447423731325,-25.878664571708214
4.764764764764765,-14.565948163777357,-14.678607143622381
4.774774774774775,-13.963144164641502,-21.652477382848232
4.784784784784785,-13.358130806726068,-17.342752890885055
4.794794794794795,-12.751003820015526,-15.34715994292284
4.804804804804805,-12.141859268929366,-12.074827757355555
4.814814814814815,-11.530793537122022,-8.55350731064772
4.824824824824825,-10.917903312232289,-13.408278983303662
4.834834834834835,-10.303285570584649,-0.49504510729863327
4.844844844844845,-9.687037561844907,-10.488832684038995
4.854854854854855,-9.069256793632581,-5.044368151231223
4.864864864864865,-8.450041016092442,-7.661554819457109
4.874874874874875,-7.829488206427874,-10.092944084189364
4.884884884884885,-7.207696553397909,-8.635928973059949
4.894894894894895,-6.584764441781179,-1.776331939012982
4.904904904904905,-5.960790436808669,-3.681255919446826
4.914914914914915,-5.3358732685679495,-4.570349233148365
4.924924924924925,-4.71011181638132,-9.11005125890565
4.934934934934935,-4.083605093160344,-3.9313532973125134
4.944944944944945,-3.4564522297392424,-10.440420624116953
4.954954954954955,-2.8287524591896362,3.1849648235592243
4.964964964964965,-2.2006051011191055,-3.4898480628176975
4.974974974974975,-1.5721095459560557,1.7431882139427612
4.984984984984985,-0.9433652392233838,-3.1833606171172586
4.994994994994995,-0.31447166580342023,-0.59285812492808
5.005005005005005,20.314471665803396,26.098572242991363
5.015015015015015,20.943365239223358,25.409607750418562
5.025025025025025,21.57210954595603,23.02613257163692
5.035035035035035,22.20060510111908,17.31519966472026
5.045045045045045,22.828752459189612,26.34829042925008
5.055055055055055,23.456452229739217,31.372175186843087
5.065065065065065,24.08360509316032,26.66814561066937
5.075075075075075,24.710111816381296,12.731888073813618
5.085085085085085,25.335873268567926,28.667640222879495
5.095095095095095,25.960790436808644,19.69157633643016
5.105105105105105,26.584764441781154,22.590001081788138
5.115115115115115,27.207696553397884,19.63113600041946
5.125125125125125,27.82948820642785,26.041351646267067
5.135135135135135,28.450041016092417,13.897092085276267
5.145145145145145,29.069256793632558,25.75965024789908
5.155155155155155,29.687037561844882,32.67890635901825
5.165165165165165,30.303285570584627,34.89488007292027
5.175175175175175,30.917903312232262,26.420685918083997
5.185185185185185,31.530793537122,31.714202289254608
5.195195195195195,32.141859268929345,41.911063592034765
5.205205205205205,32.751003820015505,25.422709721498357
5.215215215215215,33.358130806726045,44.31203101191112
5.225225225225225,33.96314416464148,28.890770110738654
5.235235235235235,34.565948163777335,38.644319753250855
5.245245245245245,35.1664474237313,43.4944983431147
5.255255255255255,35.76454692877509,37.89855425520089
5.265265265265265,36.360152042888544,34.60331934568866
5.275275275275275,36.95316852473376,29.58820945312732
5.285285285285285,37.54350254256653,26.688596922875544
5.295295295295295,38.13106068908334,44.20799601145439
5.305305305305305,38.71574999620094,42.393781321365225
5.315315315315315,39.297477949766424,34.18058503738932
5.325325325325325,39.87615250419563,37.65010231314732
5.335335335335335,40.45168209703728,38.375577707036506
5.345345345345345,41.023975663460696,42.913828153812595
5.355355355355355,41.592942650664845,35.10407873906331
5.365365365365365,42.15849303220628,38.52208344123931
5.375375375375375,42.72053732224384,33.71689525813272
5.385385385385385,43.27898658969782,54.56560056877782
5.395395395395395,43.833752472321336,47.342367328842
5.405405405405405,44.384747190681686,48.792089161154806
5.415415415415415,44.93188356204958,39.9092084939525
5.425425425425425,45.47507501419365,52.18525916023988
5.435435435435435,46.01423559907894,48.881029899648794
5.445445445445445,46.549280006466006,53.106875224145185
5.455455455455455,47.08012357740949,42.88392132560252
5.465465465465465,47.606682317653494,44.45784449975194
5.475475475475475,48.12887291092183,52.01667794495314
5.485485485485485,48.64661273210098,50.025085177148426
5.495495495495495,49.15981986031364,47.62095339140728
5.505505505505505,49.66841309188099,45.89606221251343
5.515515515515515,50.172311953171274,51.696668809867596
5.525525525525525,50.67143671333305,61.64625400841199
5.535535535535535,51.1657083969108,47.240142944219826
5.545545545545545,51.65504879634106,54.33040133898665
5.555555555555555,52.139380484326956,47.34818266767594
5.565565565565565,52.61862682608954,51.39710815434861
5.575575575575575,53.09271199149339,60.928211817730784
5.585585585585585,53.561560967045125,55.59310970979457
5.595595595595595,54.02509956776261,51.774513275492396
5.605605605605605,54.48325444891307,53.24043211909504
5.615615615615615,54.935953117618354,49.11191926386193
5.625625625625625,55.3831239443252,54.139928698089385
5.635635635635635,55.824696174139135,63.397084441549836
5.645645645645645,56.26059993801984,49.99209330165408
5.655655655655655,56.69076626383635,56.62620327793524
5.665665665665665,57.115127087280435,56.4030005032918
5.675675675675675,57.53361526263618,57.04000242665709
5.685685685685685,57.94616457340444,60.71382477409592
5.6956956956956954,58.35270974277993,58.30966675117235
5.7057057057057055,58.75318644398007,55.30157409855021
5.7157157157157155,59.14753131042315,66.57653717784657
5.7257257257257255,59.535681945754675,58.245087374795496
5.7357357357357355,59.91757693372028,61.0589994540097
5.7457457457457455,60.29315584788344,53.65962027008688
5.7557557557557555,60.66235926118662,57.04686803255045
5.7657657657657655,61.02512875535435,72.05771141064626
5.7757757757757755,61.381406930136535,57.99341450487433
5.7857857857857855,61.73113741239084,72.27334833425122
5.7957957957957955,62.07426486500248,65.48425326424571
5.8058058058058055,62.410734995640084,64.84657980553199
5.8158158158158155,62.740494565346296,60.2717201834711
5.8258258258258255,63.06349139696153,64.76964563354046
5.8358358358358355,63.379674383380056,66.53607856336068
5.8458458458458455,63.68899349563641,66.7411999672644
5.8558558558558556,63.991399790821454,54.7218719524008
5.865865865865866,64.28684541982645,61.86060490579087
5.875875875875876,64.57528363491417,64.68430792085067
5.885885885885886,64.85666879711569,73.70769669404947
5.895895895895896,65.13095638345169,65.856383772733
5.905905905905906,65.39810299397729,64.95883068429899
5.915915915915916,65.65806635864914,70.94169240682085
5.925925925925926,65.91080534401368,67.8596459492546
5.935935935935936,66.15627995971559,71.93507640827501
5.945945945945946,66.39445136482544,71.09909349695192
5.955955955955956,66.62528187398536,67.30038556090227
5.965965965965966,66.8487349633719,69.44439542410751
5.975975975975976,67.06477527647516,60.98724003667198
5.985985985985986,67.27336862969317,73.19542827066326
5.995995995995996,67.47448201774066,61.351618951252355
6.006006006006006,67.66808361887146,69.381121358682
6.016016016016016,67.85414279991353,78.50105404637812
6.026026026026026,68.03263012111604,62.45805097685889
6.036036036036036,68.20351734080752,70.11264271814805
6.046046046046046,68.36677741986449,70.35037682116838
6.056056056056056,68.52238452598984,76.37262839826445
6.066066066066066,68.67031403780013,72.87661625708941
6.076076076076076,68.81054254872146,63.0226817984468
6.086086086086086,68.94304787069308,65.06488244650802
6.096096096096096,69.06780903767797,72.6633874236407
6.106106106106106,69.1848063089805,64.66896974521651
6.116116116116116,69.29402117236978,74.91342795769994
6.126126126126126,69.3954363470089,65.31956641849389
6.136136136136136,69.48903578618916,78.37333240919723
6.146146146146146,69.57480467986923,65.37334106862217
6.156156156156156,69.65272945701838,75.66897216910189
6.166166166166166,69.72279778776388,61.47078364064561
6.176176176176176,69.78499858534187,70.3679546432124
6.186186186186186,69.8393220078517,66.42674732030137
6.196196196196196,69.88575945981307,73.79186389301647
6.206206206206206,69.92430359352612,68.60994363222375
6.216216216216216,69.95494831023407,67.77454133901888
6.226226226226226,69.97768876108819,70.43244989748769
6.236236236236236,69.99252134791502,63.32020895615942
6.246246246246246,69.9994437237857,60.466335772901125
6.256256256256256,69.99845479338734,78.95885443512998
6.266266266266266,69.98955471319631,65.1844941626374
6.276276276276276,69.97274489145346,68.60777193115186
6.286286286286286,69.94802798794137,74.35147828962769
6.296296296296296,69.91540791356341,68.61701445914507
6.306306306306306,69.87488982972499,67.34380796696898
6.316316316316316,69.82648014751683,75.30492573398578
6.326326326326326,69.77018652670063,67.14718737049223
6.336336336336336,69.70601787449698,66.54543234709743
6.346346346346346,69.63398434417601,69.04597942959394
6.356356356356356,69.55409733345098,68.95930518929397
6.366366366366366,69.46636948267468,78.38895138133535
6.376376376376376,69.37081467283946,73.01687109576999
6.386386386386386,69.26744802338084,62.634810432887804
6.396396396396396,69.15628588978524,71.89511351830427
6.406406406406406,69.037345861002,71.62605745861617
6.416416416416417,68.91064675666041,75.14554732346834
6.426426426426427,68.77620862409194,73.1691719724958
6.436436436436437,68.63405273515801,67.16713598343466
6.446446446446447,68.48420158288437,74.82360022089851
6.456456456456457,68.32667887790208,70.84681404978704
6.466466466466467,68.16150954469563,71.37791032952953
6.476476476476477,67.98871971765946,69.97627016569824
6.486486486486487,67.80833673696254,61.79084201887388
6.496496496496497,67.62038914422257,72.29923584333316
6.506506506506507,67.42490667798975,68.15175908944232
6.516516516516517,67.22192026904145,80.25614452001976
6.526526526526527,67.01146203548794,71.06363730207065
6.536536536536537,66.79356527769059,69.48491688630884
6.546546546546547,66.56826447299271,60.125037755248755
6.556556556556557,66.33559527026424,59.28837478804638
6.566566566566567,66.09559448426126,68.39013323265009
6.576576576576577,65.84830008980066,75.47109080514261
6.586586586586587,65.5937512157517,58.73048762470262
6.596596596596597,65.33198813884445,55.33177737239614
6.606606606606607,65.06305227729725,66.28972069615362
6.616616616616617,64.78698618426276,63.54129095206734
6.626626626626627,64.5038335410953,63.14919002362352
6.636636636636637,64.21363915043888,63.94704356128696
6.646646646646647,63.916448929138454,54.63716973431923
6.656656656656657,63.61230990097431,67.3692336370334
6.666666666666667,63.30127018922191,67.00742113590724
6.676676676676677,62.983379009037264,61.47264639669524
6.686686686686687,62.65868665966962,67.45290393368558
6.696696696696697,62.32724451650303,55.014555039193255
6.706706706706707,61.98910502292697,65.98485828460336
6.716716716716717,61.64432168203868,63.548027793418534
6.726726726726727,61.29294904817715,57.17162556435947
6.736736736736737,60.93504271829142,59.52179314511674
6.746746746746747,60.57065932314328,59.89169650493163
6.756756756756757,60.19985651834705,69.91966685213532
6.766766766766767,59.82269297524645,67.32636529338612
6.776776776776777,59.43922837163159,59.17308635044634
6.786786786786787,59.04952338229587,57.5547193395214
6.796796796796797,58.653639669435854,61.90523245050607
6.806806806806807,58.2516398728945,66.62086943521331
6.816816816816817,57.84358760024956,60.34906626463308
6.826826826826827,57.429547416749536,55.452329904102314
6.836836836836837,57.00958483509716,55.41698525646896
6.846846846846847,56.583766305083934,63.8877481165412
6.856856856856857,56.15215920307545,56.17031601270464
6.866866866866867,55.71483182135107,47.68550631045905
6.876876876876877,55.271853357297644,50.56885891659917
6.886886886886887,54.82329390246111,50.47231269266637
6.896896896896897,54.36922443145551,56.217601074422326
6.906906906906907,53.90971679073335,45.04981656048492
6.916916916916917,53.444843687216974,61.482912299656235
6.926926926926927,52.97467867679477,42.44372703895647
6.936936936936937,52.49929615268234,42.80592011683156
6.946946946946947,52.01877133365127,53.75179290866449
6.956956956956957,51.53318025212788,49.86423541586805
6.966966966966967,51.04259974216217,56.71153831397529
6.976976976976977,50.547107427271165,51.63125755587092
6.986986986986987,50.04678170815613,47.8924039966458
6.996996996996997,49.54170175029793,47.804289491585926
7.007007007007007,49.03194747143027,51.92545547384529
7.017017017017017,48.5175995288951,47.033767182076566
7.027027027027027,47.99873930687977,53.32837933617318
7.037037037037037,47.47544890354034,59.50129240036625
7.047047047047047,46.94781111801082,51.21850598382888
7.057057057057057,46.415909437302616,58.256691439186234
7.067067067067067,45.879828023093935,42.44898664210616
7.077077077077077,45.339651698413604,48.806354371216834
7.087087087087087,44.79546593421949,45.99068079135436
7.097097097097097,44.24735683587437,47.235415409522155
7.107107107107107,43.69541112952218,45.20429585398305
7.117117117117117,43.13971614836493,57.94987533173941
7.127127127127127,42.580359818844784,49.964257819974826
7.137137137137137,42.01743064673096,44.85889924797751
7.147147147147147,41.45101770311636,37.102455157864874
7.157157157157157,40.88121061032334,37.04151053976706
7.167167167167167,40.30809952772366,37.02655695634686
7.177177177177177,39.73177513747204,44.59192074144721
7.187187187187187,39.152328630158436,30.95652983686864
7.197197197197197,38.569851690378414,36.40967134617914
7.207207207207207,37.984436482226755,23.730712472972527
7.217217217217217,37.39617563471421,44.28586024273871
7.227227227227227,36.805162227110785,43.64469615829178
7.237237237237237,36.21148977421857,33.81691202154668
7.247247247247247,35.61525221157446,42.719133870381135
7.257257257257257,35.016543880587555,31.53912905903097
7.267267267267267,34.41545951361108,40.25632394768309
7.277277277277277,33.81209421895376,34.42532496315313
7.287287287287287,33.206543465830315,25.2736133454949
7.297297297297297,32.5989030692563,28.837830166220815
7.307307307307307,31.989269174886804,33.29264085317562
7.317317317317317,31.37773824380417,28.11718029199813
7.327327327327327,30.76440703725453,28.969632724720423
7.337337337337337,30.149372601338037,31.25019435360099
7.347347347347347,29.532732251653247,38.867430442985736
7.357357357357357,28.914583557898776,29.605389719535935
7.367367367367367,28.295024328435694,29.893664852987442
7.377377377377377,27.6741525948108,26.37369248581764
7.387387387387387,27.052066596246,10.951632098410553
7.397397397397397,26.428864764093426,20.548757209559096
7.407407407407407,25.804645706261553,22.036103498851
7.4174174174174174,25.179508191611966,19.022688287415946
7.4274274274274275,24.55355113433209,31.355776718271812
7.4374374374374375,23.926873578283487,24.87336764086319
7.4474474474474475,23.29957468133108,21.323982771405873
7.4574574574574575,22.671753699652886,21.259211954204194
7.4674674674674675,22.04350997203555,13.600989864381779
7.4774774774774775,21.414942904155925,24.70702066165763
7.4874874874874875,20.78615195285203,22.160209615754244
7.4974974974974975,20.157236610386846,17.168696367077338
7.5075075075075075,19.52829638870515,14.638778840092211
7.5175175175175175,18.899430803688656,14.365661491931585
7.5275275275275275,18.27073935940913,14.017844514359627
7.5375375375375375,17.64232153238476,14.998955815426418
7.5475475475475475,17.014276755839507,10.324780553975705
7.5575575575575575,16.3867044039707,22.906303719373426
7.5675675675675675,15.75970377622455,13.209049984712893
7.5775775775775776,15.133374081584925,18.642773769050823
7.587587587587588,14.507814422875015,16.992347305655983
7.597597597597598,13.883123781077202,14.69035678562454
7.607607607607608,13.259400999670813,11.755074036994007
7.617617617617618,12.636744768992925,12.076201064304827
7.627627627627628,12.015253610622558,14.616491077304445
7.637637637637638,11.395025861791538,6.461559597893474
7.647647647647648,10.776159659825419,9.137846101254901
7.657657657657658,10.158752926614726,8.262704023587082
7.667667667667668,9.542903353121675,11.925852596722034
7.677677677677678,8.928708383922046,4.541615206690894
7.687687687687688,8.316265201787427,2.891000201160856
7.697697697697698,7.705670712307498,3.9208275252778573
7.707707707707708,7.097021528557544,7.068009101508853
7.717717717717718,6.49041395581091,2.9551104171631244
7.727727727727728,5.88594397630148,7.5819407047445
7.737737737737738,5.2837072340359335,4.258970816082551
7.747747747747748,4.683799019660814,5.4808080617974415
7.757757757757758,4.086314255384604,7.719210951551977
7.767767767767768,3.4913474799581543,2.0340850217816966
7.777777777777778,2.8989928337166013,7.480339360101582
7.787787787787788,2.309344043683062,-0.3428775942796727
7.797797797797798,1.7224944087390917,1.0738275749812156
7.807807807807808,1.1385367848615076,-0.48429782701584334
7.817817817817818,0.5575635704306734,8.666538092768318
7.827827827827828,-0.02033330839018177,6.14790392973323
7.837837837837838,-0.5950624121995816,3.1117389825182116
7.847847847847848,-1.1665328028267048,-2.4273908081886155
7.857857857857858,-1.7346540577197196,8.240448446112296
7.867867867867868,-2.2993362842537763,-6.7239248241305125
7.877877877877878,-2.8604901339539666,-4.4069578961201366
7.887887887887888,-3.418026816632999,-0.39866447160238305
7.897897897897898,-3.9718581144404936,-3.053320485644329
7.907907907907908,-4.521896395820992,-0.5093652132989916
7.917917917917918,-5.068054629380292,-9.100931132613727
7.927927927927928,-5.610246397655672,-10.194206050903865
7.937937937937938,-6.148385910790118,-5.916760684032144
7.947947947947948,-6.6823880201060675,-7.29057474487756
7.957957957957958,-7.212168231578943,-1.6254602838401055
7.967967967967968,-7.737642719205809,-9.820827492370046
7.977977977977978,-8.258728338269623,-13.084701648596104
7.987987987987988,-8.775342638494443,-2.108787745025933
7.997997997997998,-9.287403877091943,-4.502835595346827
8.008008008008009,-9.794831031694898,-18.50221094260999
8.018018018018019,-10.297543813177452,-9.947540094329444
8.028028028028029,-10.795462678358987,-6.4024227420571
8.038038038038039,-11.288508842590328,-12.767985262702732
8.048048048048049,-11.7766042922192,-12.805917874605788
8.058058058058059,-12.259671796934704,-12.189226214173031
8.068068068068069,-12.737634921986746,-11.272881883673378
8.078078078078079,-13.210418040280729,-11.63379365607048
8.088088088088089,-13.677946344343283,-12.819979319525428
8.098098098098099,-14.140145858159471,-10.966117883329439
8.108108108108109,-14.596943448877362,-15.523856083656806
8.118118118118119,-15.048266838379888,-10.94699323574732
8.128128128128129,-15.494044614721467,-18.903612668978436
8.138138138138139,-15.934206243426928,-18.361191274782456
8.148148148148149,-16.36868207865247,-18.573385398164408
8.158158158158159,-16.797403374205174,-12.731225901662784
8.168168168168169,-17.220302294420975,-14.109251807495646
8.178178178178179,-17.637311924897737,-14.110732543817846
8.188188188188189,-18.048366283083404,-16.355135603361163
8.198198198198199,-18.45340032871583,-23.801152454144436
8.208208208208209,-18.85234997411444,-20.004502103129457
8.218218218218219,-19.24515209432021,-17.360892105736873
8.228228228228229,-19.631744537084252,-16.65073929931564
8.238238238238239,-20.01206613270159,-15.3020894361618
8.248248248248249,-20.38605670369035,-14.35751285168416
8.258258258258259,-20.753657074313146,-27.45255701222789
8.268268268268269,-21.11480907994048,-17.672640262005743
8.278278278278279,-21.469455576254163,-19.973949120416982
8.288288288288289,-21.81754044828881,-14.507866467644092
8.298298298298299,-22.159008619311145,-19.745465107785474
8.308308308308309,-22.493806059534315,-13.87219322704388
8.318318318318319,-22.82187979466731,-22.248904846696224
8.328328328328329,-23.14317791429655,-18.20556867313303
8.338338338338339,-23.457649580099954,-19.533417709289193
8.348348348348349,-23.765245033890636,-22.247215681299455
8.358358358358359,-24.06591560549036,-27.643672300802262
8.368368368368369,-24.35961372043019,-20.0426371622703
8.378378378378379,-24.646292907478433,-29.59372892820809
8.388388388388389,-24.92590780599339,-18.972747419844616
8.398398398398399,-25.198414173100808,-22.664443279457895
8.408408408408409,-25.463768890694446,-24.660799248166406
8.418418418418419,-25.721929972258287,-14.37131519334416
8.428428428428429,-25.97285656951029,-26.479274922312953
8.438438438438439,-26.21650897886542,-23.895529609893316
8.448448448448449,-26.452848647718156,-25.71401197193763
8.458458458458459,-26.6818381805423,-20.388173361051813
8.468468468468469,-26.9034413448083,-34.50591319862458
8.478478478478479,-27.117623076715923,-29.01960781680484
8.488488488488489,-27.324349486742626,-18.78687294353494
8.498498498498499,-27.523587865005567,-25.782722291708364
8.508508508508509,-27.71530668643745,-32.85202070620549
8.518518518518519,-27.899475615774463,-28.214147566206865
8.528528528528529,-28.076065512356273,-28.94262561291735
8.538538538538539,-28.245048434736965,-27.6101045156724
8.548548548548549,-28.406397645105933,-33.30756265127329
8.558558558558559,-28.560087613518817,-25.27794517497923
8.568568568568569,-28.706094021936813,-31.41351476035593
8.578578578578579,-28.84439376807463,-35.977984116645075
8.588588588588589,-28.974964969055826,-28.44314901234914
8.598598598598599,-29.09778696487534,-32.08285246673633
8.608608608608609,-29.21284032166843,-23.787591226369486
8.618618618618619,-29.320106834785733,-24.585392789918686
8.62862862862863,-29.419569531673638,-38.87927328933033
8.63863863863864,-29.51121267455993,-18.68813822771951
8.64864864864865,-29.59502176294385,-37.74008892925566
8.65865865865866,-29.670983535890535,-29.247140860329623
8.66866866866867,-29.739085974129274,-37.50193558609923
8.67867867867868,-29.799318301955218,-35.90604996928929
8.68868868868869,-29.851670988934508,-28.89375928378625
8.6986986986987,-29.89613575141216,-31.774333125470363
8.70870870870871,-29.932705553822828,-34.53473083093457
8.71871871871872,-29.96137460980397,-24.03496755814113
8.72872872872873,-29.982138383111497,-23.514234325710923
8.73873873873874,-29.994993588337444,-25.65523967240665
8.74874874874875,-29.99993819142987,-30.299283769911632
8.75875875875876,-29.996971410014687,-19.652891494268253
8.76876876876877,-29.986093713519438,-31.934330005107974
8.77877877877878,-29.967306823099044,-23.224269293142527
8.78878878878879,-29.940613711363454,-25.29170889261566
8.7987987987988,-29.906018601907306,-24.62333765547629
8.80880880880881,-29.863526968641636,-21.474401256053845
8.81881881881882,-29.813145534927713,-21.96593480570077
8.82882882882883,-29.7548822725133,-29.088387739246382
8.83883883883884,-29.688746400271206,-32.4101070558975
8.84884884884885,-29.614748382740686,-27.774495592312057
8.85885885885886,-29.532899928471586,-24.589881955705064
8.86886886886887,-29.44321398817179,-24.905661745698687
8.87887887887888,-29.345704752658,-35.863465438565086
8.88888888888889,-29.24038765061041,-18.62698076650743
8.8988988988989,-29.127279346131388,-31.88318214966293
8.90890890890891,-29.006397736108838,-25.54097429960604
8.91891891891892,-28.877761947384307,-28.789015635347628
8.92892892892893,-28.7413923337267,-25.402655592287445
8.93893893893894,-28.59731047261168,-31.89689204772531
8.94894894894895,-28.445539161807474,-28.433722949052008
8.95895895895896,-28.286102415767736,-25.225021986716154
8.96896896896897,-28.11902546183167,-26.499957497894588
8.97897897897898,-27.94433473623249,-27.2359944584854
8.98898898898899,-27.762057879914337,-25.656302941728327
8.998998998999,-27.57222373415884,-30.894538800012043
9.00900900900901,-27.374862336021486,-34.022203533513334
9.01901901901902,-27.17000491357907,-30.63707076076803
9.02902902902903,-26.95768388098839,-26.35235585802608
9.03903903903904,-26.73793283335756,-27.03247031663232
9.04904904904905,-26.510786541430214,-21.16366768560717
9.05905905905906,-26.27628094608388,-32.91534837471045
9.06906906906907,-26.03445315264316,-29.532705686941416
9.07907907907908,-25.78534142500844,-24.880943960904535
9.08908908908909,-25.528985179601783,-26.939235716320475
9.0990990990991,-25.26542497912982,-21.47141203281548
9.10910910910911,-24.994702526165916,-28.786611163871438
9.11911911911912,-24.716860656551354,-27.558881268074636
9.12912912912913,-24.431943332617806,-20.32441944180041
9.13913913913914,-24.139995636230978,-16.995040359617505
9.14914914914915,-23.841063761657693,-24.91621089658908
9.15915915915916,-23.535195008256373,-18.88598754876277
9.16916916916917,-23.222437772993267,-23.12242786579141
9.17917917917918,-22.902841542784373,-25.648026834923883
9.18918918918919,-22.57645688666554,-29.952439863371097
9.1991991991992,-22.243335447790898,-21.540865143767668
9.20920920920921,-21.90352993526131,-24.282237411387722
9.21921921921922,-21.557094115784686,-11.848327466455295
9.22922922922923,-21.204082805168206,-27.45238494320654
9.23923923923924,-20.844551859645286,-30.941820399306273
9.24924924924925,-20.478558167037185,-28.63964063067487
9.25925925925926,-20.106159637752206,-25.484813520281573
9.26926926926927,-19.72741519562218,-20.864329546427072
9.27927927927928,-19.342384768579528,-18.233429983121628
9.28928928928929,-18.95112927917456,-19.95068576516079
9.2992992992993,-18.55371063493626,-21.546651652042
9.30930930930931,-18.150191718576366,-10.73567694322174
9.31931931931932,-17.74063637803998,-25.96611725008123
9.32932932932933,-17.325109416402604,-11.858235518345928
9.33933933933934,-16.903676581616928,-11.836848276035468
9.34934934934935,-16.47640455610943,-22.15902790783376
9.35935935935936,-16.043360946229235,-15.232834289493361
9.36936936936937,-15.604614271551291,-6.497849659471052
9.37937937937938,-15.160233954034183,-17.39047403663003
9.38938938938939,-14.710290307036153,-11.390578434225375
9.3993993993994,-14.254854524189035,-25.153955501745003
9.40940940940941,-13.793998668133987,-12.626124644862921
9.41941941941942,-13.3277956591186,-11.108755192339142
9.42942942942943,-12.856319263459461,-12.200759216468603
9.43943943943944,-12.379644081869706,-15.569505315238658
9.44944944944945,-11.897845537655634,-11.675530547810249
9.45945945945946,-11.410999864782124,-14.160795083819263
9.46946946946947,-10.919184095810742,-14.395342016708593
9.47947947947948,-10.422476049710866,-9.178179904570001
9.48948948948949,-9.920954319546322,-17.95388590118347
9.4994994994995,-9.414698260040279,-7.471398170282611
9.50950950950951,-8.903787975018524,-5.682558353841884
9.51951951951952,-8.388304304735417,-8.87861502210465
9.52952952952953,-7.868328813082101,-9.64101465654339
9.53953953953954,-7.343943774681399,-9.305414242310826
9.54954954954955,-6.8152321618691225,-6.232747200707147
9.55955955955956,-6.282277631566075,-8.123403824243983
9.56956956956957,-5.745164512040642,-7.889271905033539
9.57957957957958,-5.203977789566277,-5.395012000445601
9.58958958958959,-4.658803094973731,-4.657249993092141
9.5995995995996,-4.109726690102363,3.2176175488979037
9.60960960960961,-3.55683545415091,-4.113353483037845
9.61961961961962,-3.000216869930533,-5.799078953167431
9.62962962962963,-2.4399590100231343,-3.7035730902143404
9.63963963963964,-1.8761505228452044,-2.553502501316083
9.64964964964965,-1.3088806186217958,-0.9275995555339652
9.65965965965966,-0.7382390552703448,0.9598480896221422
9.66966966966967,-0.16431612419910024,-0.43969631491497635
9.67967967967968,0.41279736398013256,-1.2869206732306617
9.68968968968969,0.9930100938201214,2.294670080137296
9.6996996996997,1.5762302594874988,6.234311854307644
9.70970970970971,2.162365579288359,0.20407808952148332
9.71971971971972,2.751323310270461,8.195766897168738
9.72972972972973,3.3430102628971454,2.93235780623321
9.73973973973974,3.9373328157927965,-2.4477388282087933
9.74974974974975,4.534196930556574,2.7929521421431893
9.75975975975976,5.133508166641356,0.48471362618602676
9.76976976976977,5.735171696297524,8.763902554638788
9.77977977977978,6.339092319576672,1.357226205361565
9.78978978978979,6.945174479395593,12.061812879302344
9.7997997997998,7.553322276655376,4.084914066016219
9.80980980980981,8.16343948541601,8.452131634620482
9.81981981981982,8.775429568121321,2.3049734229175405
9.82982982982983,9.389195690874597,18.174717402584776
9.83983983983984,10.004640738759715,1.120832840474872
9.84984984984985,10.621667331208128,4.913212995740474
9.85985985985986,11.240177837406488,6.487977482813692
9.86986986986987,11.860074391745261,11.113296787530619
9.87987987987988,12.481258909303182,14.921480373875236
9.88988988988989,13.10363310136729,6.6012535466888
9.8998998998999,13.72709849098521,10.63103328785646
9.90990990990991,14.35155642854632,17.90477651001489
9.91991991991992,14.976908107391607,14.003439938333427
9.92992992992993,15.603054579446894,13.578669889036227
9.93993993993994,16.229896770879918,14.836791530981102
9.94994994994995,16.85733549777585,25.77973645627235
9.95995995995996,17.48527148183168,21.571583093759266
9.96996996996997,18.113605366064082,20.47980220287957
9.97997997997998,18.74223773053119,14.581774428893478
9.98998998998999,19.371069108062883,20.949291418696717
10.0,19.999999999999975,14.325537493932291
